,predicted_values,actual_values,is_correct_prediction
0,Jeremy,Brad,False
1,Jeremy,Brad,False
2,Brad,Brad,True
3,Brad,Brad,True
4,Brad,Brad,True
5,Brad,Brad,True
6,Brad,Brad,True
7,Jeremy,Brad,False
8,Jeremy,Brad,False
9,Jeremy,Brad,False
10,Brad,Brad,True
11,Brad,Brad,True
12,Jeremy,Brad,False
13,Brad,Brad,True
14,Brad,Brad,True
15,Brad,Brad,True
16,Brad,Brad,True
17,Jeremy,Brad,False
18,Brad,Brad,True
19,Brad,Brad,True
20,Jeremy,Brad,False
21,Jerrick,Brad,False
22,Brad,Brad,True
23,Brad,Brad,True
24,Brad,Brad,True
25,Brad,Brad,True
26,Brad,Brad,True
27,Jerrick,Brad,False
28,Brad,Brad,True
29,Jeremy,Brad,False
30,Jerrick,Brad,False
31,Brad,Brad,True
32,Jeremy,Brad,False
33,Brad,Brad,True
34,Brad,Brad,True
35,Brad,Brad,True
36,Brad,Brad,True
37,Brad,Brad,True
38,Brad,Brad,True
39,Brad,Brad,True
40,Brad,Brad,True
41,Jeremy,Brad,False
42,Brad,Brad,True
43,Brad,Brad,True
44,Brad,Brad,True
45,Brad,Brad,True
46,Jeremy,Brad,False
47,Brad,Brad,True
48,Jeremy,Brad,False
49,Brad,Brad,True
50,Brad,Brad,True
51,Jeremy,Brad,False
52,Brad,Brad,True
53,Jeremy,Brad,False
54,Jeremy,Brad,False
55,Jeremy,Brad,False
56,Brad,Brad,True
57,Jeremy,Brad,False
58,Brad,Brad,True
59,Brad,Brad,True
60,Brad,Brad,True
61,Brad,Brad,True
62,Brad,Brad,True
63,Jeremy,Brad,False
64,Brad,Brad,True
65,Jeremy,Brad,False
66,Brad,Brad,True
67,Jeremy,Brad,False
68,Brad,Brad,True
69,Brad,Brad,True
70,Brad,Brad,True
71,Jeremy,Brad,False
72,Brad,Brad,True
73,Brad,Brad,True
74,Brad,Brad,True
75,Brad,Brad,True
76,Jeremy,Brad,False
77,Brad,Brad,True
78,Jeremy,Brad,False
79,Brad,Brad,True
80,Jeremy,Brad,False
81,Brad,Brad,True
82,Brad,Brad,True
83,Jeremy,Brad,False
84,Jeremy,Brad,False
85,Brad,Brad,True
86,Brad,Brad,True
87,Brad,Brad,True
88,Brad,Brad,True
89,Brad,Brad,True
90,Brad,Brad,True
91,Jeremy,Brad,False
92,Brad,Brad,True
93,Brad,Brad,True
94,Brad,Brad,True
95,Brad,Brad,True
96,Brad,Brad,True
97,Jerrick,Brad,False
98,Brad,Brad,True
99,Jerrick,Brad,False
100,Jeremy,Brad,False
101,Brad,Brad,True
102,Jerrick,Brad,False
103,Jeremy,Brad,False
104,Brad,Brad,True
105,Brad,Brad,True
106,Brad,Brad,True
107,Brad,Brad,True
108,Jeremy,Brad,False
109,Brad,Brad,True
110,Jeremy,Brad,False
111,Brad,Brad,True
112,Brad,Brad,True
113,Jeremy,Brad,False
114,Brad,Brad,True
115,Brad,Brad,True
116,Jeremy,Brad,False
117,Brad,Brad,True
118,Brad,Brad,True
119,Brad,Brad,True
120,Brad,Brad,True
121,Brad,Brad,True
122,Jerrick,Brad,False
123,Brad,Brad,True
124,Jeremy,Brad,False
125,Brad,Brad,True
126,Brad,Brad,True
127,Brad,Brad,True
128,Jeremy,Brad,False
129,Brad,Brad,True
130,Brad,Brad,True
131,Jeremy,Brad,False
132,Brad,Brad,True
133,Jeremy,Brad,False
134,Brad,Brad,True
135,Brad,Brad,True
136,Brad,Brad,True
137,Brad,Brad,True
138,Brad,Brad,True
139,Brad,Brad,True
140,Jeremy,Brad,False
141,Brad,Brad,True
142,Brad,Brad,True
143,Brad,Brad,True
144,Jeremy,Brad,False
145,Brad,Brad,True
146,Brad,Brad,True
147,Brad,Brad,True
148,Jeremy,Brad,False
149,Brad,Brad,True
150,Jeremy,Brad,False
151,Brad,Brad,True
152,Jeremy,Brad,False
153,Brad,Brad,True
154,Jeremy,Brad,False
155,Brad,Brad,True
156,Brad,Brad,True
157,Brad,Brad,True
158,Jeremy,Brad,False
159,Brad,Brad,True
160,Jeremy,Brad,False
161,Brad,Brad,True
162,Jeremy,Brad,False
163,Brad,Brad,True
164,Jeremy,Brad,False
165,Brad,Brad,True
166,Brad,Brad,True
167,Brad,Brad,True
168,Jeremy,Brad,False
169,Brad,Brad,True
170,Brad,Brad,True
171,Brad,Brad,True
172,Brad,Brad,True
173,Brad,Brad,True
174,Brad,Brad,True
175,Jeremy,Brad,False
176,Jeremy,Brad,False
177,Jeremy,Brad,False
178,Brad,Brad,True
179,Brad,Brad,True
180,Brad,Brad,True
181,Brad,Brad,True
182,Brad,Brad,True
183,Jeremy,Brad,False
184,Brad,Brad,True
185,Brad,Brad,True
186,Brad,Brad,True
187,Jeremy,Brad,False
188,Brad,Brad,True
189,Brad,Brad,True
190,Brad,Brad,True
191,Brad,Brad,True
192,Jeremy,Brad,False
193,Brad,Brad,True
194,Brad,Brad,True
195,Brad,Brad,True
196,Jeremy,Brad,False
197,Brad,Brad,True
198,Jeremy,Brad,False
199,Brad,Brad,True
200,Brad,Brad,True
201,Brad,Brad,True
202,Brad,Brad,True
203,Brad,Brad,True
204,Jeremy,Brad,False
205,Jeremy,Brad,False
206,Brad,Brad,True
207,Brad,Brad,True
208,Jeremy,Brad,False
209,Brad,Brad,True
210,Brad,Brad,True
211,Brad,Brad,True
212,Brad,Brad,True
213,Brad,Brad,True
214,Jeremy,Brad,False
215,Jeremy,Brad,False
216,Jeremy,Brad,False
217,Brad,Brad,True
218,Brad,Brad,True
219,Brad,Brad,True
220,Jeremy,Brad,False
221,Jeremy,Brad,False
222,Brad,Brad,True
223,Brad,Brad,True
224,Brad,Brad,True
225,Brad,Brad,True
226,Brad,Brad,True
227,Brad,Brad,True
228,Brad,Brad,True
229,Jeremy,Brad,False
230,Brad,Brad,True
231,Brad,Brad,True
232,Brad,Brad,True
233,Jerrick,Brad,False
234,Brad,Brad,True
235,Jerrick,Brad,False
236,Brad,Brad,True
237,Brad,Brad,True
238,Brad,Brad,True
239,Jeremy,Brad,False
240,Brad,Brad,True
241,Brad,Brad,True
242,Brad,Brad,True
243,Brad,Brad,True
244,Brad,Brad,True
245,Brad,Brad,True
246,Brad,Brad,True
247,Jeremy,Brad,False
248,Brad,Brad,True
249,Jerrick,Brad,False
250,Brad,Brad,True
251,Brad,Brad,True
252,Jeremy,Brad,False
253,Jeremy,Brad,False
254,Brad,Brad,True
255,Brad,Brad,True
256,Brad,Brad,True
257,Jeremy,Brad,False
258,Brad,Brad,True
259,Jeremy,Brad,False
260,Brad,Brad,True
261,Brad,Brad,True
262,Brad,Brad,True
263,Jeremy,Brad,False
264,Brad,Brad,True
265,Jeremy,Brad,False
266,Brad,Brad,True
267,Brad,Brad,True
268,Jeremy,Brad,False
269,Brad,Brad,True
270,Brad,Brad,True
271,Brad,Brad,True
272,Jeremy,Brad,False
273,Brad,Brad,True
274,Jerrick,Brad,False
275,Brad,Brad,True
276,Brad,Brad,True
277,Brad,Brad,True
278,Jeremy,Brad,False
279,Brad,Brad,True
280,Jeremy,Brad,False
281,Brad,Brad,True
282,Brad,Brad,True
283,Brad,Brad,True
284,Brad,Brad,True
285,Jerrick,Brad,False
286,Jeremy,Brad,False
287,Brad,Brad,True
288,Jeremy,Brad,False
289,Brad,Brad,True
290,Brad,Brad,True
291,Jeremy,Brad,False
292,Brad,Brad,True
293,Brad,Brad,True
294,Brad,Brad,True
295,Brad,Brad,True
296,Jeremy,Brad,False
297,Jeremy,Brad,False
298,Brad,Brad,True
299,Jeremy,Brad,False
300,Brad,Brad,True
301,Brad,Brad,True
302,Jeremy,Brad,False
303,Jeremy,Brad,False
304,Jeremy,Brad,False
305,Jeremy,Brad,False
306,Jeremy,Brad,False
307,Jeremy,Brad,False
308,Brad,Brad,True
309,Jeremy,Brad,False
310,Jeremy,Brad,False
311,Jeremy,Brad,False
312,Brad,Brad,True
313,Brad,Brad,True
314,Brad,Brad,True
315,Jerrick,Brad,False
316,Brad,Brad,True
317,Brad,Brad,True
318,Jeremy,Brad,False
319,Jeremy,Brad,False
320,Brad,Brad,True
321,Jeremy,Brad,False
322,Brad,Brad,True
323,Jeremy,Brad,False
324,Brad,Brad,True
325,Jeremy,Brad,False
326,Brad,Brad,True
327,Jeremy,Brad,False
328,Jeremy,Brad,False
329,Jeremy,Brad,False
330,Brad,Brad,True
331,Jeremy,Brad,False
332,Brad,Brad,True
333,Brad,Brad,True
334,Jeremy,Brad,False
335,Jeremy,Brad,False
336,Brad,Brad,True
337,Brad,Brad,True
338,Brad,Brad,True
339,Brad,Brad,True
340,Jeremy,Brad,False
341,Jeremy,Brad,False
342,Brad,Brad,True
343,Jeremy,Brad,False
344,Brad,Brad,True
345,Jeremy,Brad,False
346,Brad,Brad,True
347,Brad,Brad,True
348,Brad,Brad,True
349,Brad,Brad,True
350,Brad,Brad,True
351,Brad,Brad,True
352,Jeremy,Brad,False
353,Brad,Brad,True
354,Brad,Brad,True
355,Brad,Brad,True
356,Jeremy,Brad,False
357,Jeremy,Brad,False
358,Brad,Brad,True
359,Jeremy,Brad,False
360,Jeremy,Brad,False
361,Jeremy,Brad,False
362,Jeremy,Brad,False
363,Brad,Brad,True
364,Jeremy,Brad,False
365,Brad,Brad,True
366,Brad,Brad,True
367,Brad,Brad,True
368,Jeremy,Brad,False
369,Brad,Brad,True
370,Jeremy,Brad,False
371,Brad,Brad,True
372,Brad,Brad,True
373,Brad,Brad,True
374,Brad,Brad,True
375,Jeremy,Brad,False
376,Jeremy,Brad,False
377,Jeremy,Brad,False
378,Brad,Brad,True
379,Jeremy,Brad,False
380,Jeremy,Brad,False
381,Jeremy,Brad,False
382,Brad,Brad,True
383,Jeremy,Brad,False
384,Brad,Brad,True
385,Jeremy,Brad,False
386,Jeremy,Brad,False
387,Jeremy,Brad,False
388,Brad,Brad,True
389,Jeremy,Brad,False
390,Brad,Brad,True
391,Brad,Brad,True
392,Brad,Brad,True
393,Brad,Brad,True
394,Brad,Brad,True
395,Brad,Brad,True
396,Brad,Brad,True
397,Jeremy,Brad,False
398,Brad,Brad,True
399,Brad,Brad,True
400,Brad,Brad,True
401,Jeremy,Brad,False
402,Jeremy,Brad,False
403,Brad,Brad,True
404,Brad,Brad,True
405,Brad,Brad,True
406,Brad,Brad,True
407,Brad,Brad,True
408,Brad,Brad,True
409,Brad,Brad,True
410,Brad,Brad,True
411,Brad,Brad,True
412,Brad,Brad,True
413,Brad,Brad,True
414,Brad,Brad,True
415,Brad,Brad,True
416,Brad,Brad,True
417,Brad,Brad,True
418,Jeremy,Brad,False
419,Brad,Brad,True
420,Jeremy,Brad,False
421,Brad,Brad,True
422,Brad,Brad,True
423,Brad,Brad,True
424,Brad,Brad,True
425,Brad,Brad,True
426,Brad,Brad,True
427,Jeremy,Brad,False
428,Brad,Brad,True
429,Brad,Brad,True
430,Jeremy,Brad,False
431,Brad,Brad,True
432,Brad,Brad,True
433,Jeremy,Brad,False
434,Brad,Brad,True
435,Brad,Brad,True
436,Brad,Brad,True
437,Jeremy,Brad,False
438,Brad,Brad,True
439,Jeremy,Brad,False
440,Brad,Brad,True
441,Jeremy,Brad,False
442,Jeremy,Brad,False
443,Brad,Brad,True
444,Jeremy,Brad,False
445,Jeremy,Brad,False
446,Jeremy,Brad,False
447,Jeremy,Brad,False
448,Jeremy,Brad,False
449,Brad,Brad,True
450,Brad,Brad,True
451,Jeremy,Brad,False
452,Jeremy,Brad,False
453,Jeremy,Brad,False
454,Jeremy,Brad,False
455,Jeremy,Brad,False
456,Jeremy,Brad,False
457,Brad,Brad,True
458,Brad,Brad,True
459,Jeremy,Brad,False
460,Jeremy,Brad,False
461,Jeremy,Brad,False
462,Brad,Brad,True
463,Jeremy,Brad,False
464,Jeremy,Brad,False
465,Brad,Brad,True
466,Jeremy,Brad,False
467,Jeremy,Jeremy,True
468,Jeremy,Jeremy,True
469,Jeremy,Jeremy,True
470,Jeremy,Jeremy,True
471,Jeremy,Jeremy,True
472,Jeremy,Jeremy,True
473,Jeremy,Jeremy,True
474,Jeremy,Jeremy,True
475,Jeremy,Jeremy,True
476,Jeremy,Jeremy,True
477,Jeremy,Jeremy,True
478,Jeremy,Jeremy,True
479,Jeremy,Jeremy,True
480,Brad,Jeremy,False
481,Jeremy,Jeremy,True
482,Jeremy,Jeremy,True
483,Jeremy,Jeremy,True
484,Jerrick,Jeremy,False
485,Jeremy,Jeremy,True
486,Jeremy,Jeremy,True
487,Jeremy,Jeremy,True
488,Jeremy,Jeremy,True
489,Jeremy,Jeremy,True
490,Jeremy,Jeremy,True
491,Jeremy,Jeremy,True
492,Jeremy,Jeremy,True
493,Jeremy,Jeremy,True
494,Jeremy,Jeremy,True
495,Jeremy,Jeremy,True
496,Jeremy,Jeremy,True
497,Jeremy,Jeremy,True
498,Jeremy,Jeremy,True
499,Jeremy,Jeremy,True
500,Jeremy,Jeremy,True
501,Jeremy,Jeremy,True
502,Jeremy,Jeremy,True
503,Jeremy,Jeremy,True
504,Jeremy,Jeremy,True
505,Jeremy,Jeremy,True
506,Jeremy,Jeremy,True
507,Jeremy,Jeremy,True
508,Jeremy,Jeremy,True
509,Jeremy,Jeremy,True
510,Jeremy,Jeremy,True
511,Jeremy,Jeremy,True
512,Jeremy,Jeremy,True
513,Jeremy,Jeremy,True
514,Jeremy,Jeremy,True
515,Jeremy,Jeremy,True
516,Jeremy,Jeremy,True
517,Jeremy,Jeremy,True
518,Jeremy,Jeremy,True
519,Jeremy,Jeremy,True
520,Brad,Jeremy,False
521,Jeremy,Jeremy,True
522,Brad,Jeremy,False
523,Jeremy,Jeremy,True
524,Jeremy,Jeremy,True
525,Jeremy,Jeremy,True
526,Jeremy,Jeremy,True
527,Jeremy,Jeremy,True
528,Jeremy,Jeremy,True
529,Jeremy,Jeremy,True
530,Jeremy,Jeremy,True
531,Jeremy,Jeremy,True
532,Jeremy,Jeremy,True
533,Jeremy,Jeremy,True
534,Jeremy,Jeremy,True
535,Jeremy,Jeremy,True
536,Jeremy,Jeremy,True
537,Jeremy,Jeremy,True
538,Jeremy,Jeremy,True
539,Jeremy,Jeremy,True
540,Jeremy,Jeremy,True
541,Jeremy,Jeremy,True
542,Jeremy,Jeremy,True
543,Jeremy,Jeremy,True
544,Jeremy,Jeremy,True
545,Jeremy,Jeremy,True
546,Jeremy,Jeremy,True
547,Jeremy,Jeremy,True
548,Jeremy,Jeremy,True
549,Jeremy,Jeremy,True
550,Jeremy,Jeremy,True
551,Jeremy,Jeremy,True
552,Jeremy,Jeremy,True
553,Jeremy,Jeremy,True
554,Jeremy,Jeremy,True
555,Jeremy,Jeremy,True
556,Jeremy,Jeremy,True
557,Jerrick,Jeremy,False
558,Jeremy,Jeremy,True
559,Jeremy,Jeremy,True
560,Jeremy,Jeremy,True
561,Jeremy,Jeremy,True
562,Jeremy,Jeremy,True
563,Jeremy,Jeremy,True
564,Jeremy,Jeremy,True
565,Jeremy,Jeremy,True
566,Jeremy,Jeremy,True
567,Jeremy,Jeremy,True
568,Jeremy,Jeremy,True
569,Jeremy,Jeremy,True
570,Brad,Jeremy,False
571,Jeremy,Jeremy,True
572,Jeremy,Jeremy,True
573,Jeremy,Jeremy,True
574,Jerrick,Jeremy,False
575,Jeremy,Jeremy,True
576,Jerrick,Jeremy,False
577,Jerrick,Jeremy,False
578,Jeremy,Jeremy,True
579,Jeremy,Jeremy,True
580,Jeremy,Jeremy,True
581,Jerrick,Jeremy,False
582,Jeremy,Jeremy,True
583,Jeremy,Jeremy,True
584,Jeremy,Jeremy,True
585,Jeremy,Jeremy,True
586,Brad,Jeremy,False
587,Jerrick,Jeremy,False
588,Jeremy,Jeremy,True
589,Jeremy,Jeremy,True
590,Jeremy,Jeremy,True
591,Jeremy,Jeremy,True
592,Jeremy,Jeremy,True
593,Jerrick,Jeremy,False
594,Jerrick,Jeremy,False
595,Brad,Jeremy,False
596,Brad,Jeremy,False
597,Jerrick,Jeremy,False
598,Jeremy,Jeremy,True
599,Jeremy,Jeremy,True
600,Jerrick,Jeremy,False
601,Jeremy,Jeremy,True
602,Jeremy,Jeremy,True
603,Jeremy,Jeremy,True
604,Jeremy,Jeremy,True
605,Jerrick,Jeremy,False
606,Jeremy,Jeremy,True
607,Jeremy,Jeremy,True
608,Jeremy,Jeremy,True
609,Jeremy,Jeremy,True
610,Jeremy,Jeremy,True
611,Jeremy,Jeremy,True
612,Jeremy,Jeremy,True
613,Jeremy,Jeremy,True
614,Jeremy,Jeremy,True
615,Jerrick,Jeremy,False
616,Jeremy,Jeremy,True
617,Jerrick,Jeremy,False
618,Jeremy,Jeremy,True
619,Jeremy,Jeremy,True
620,Jeremy,Jeremy,True
621,Jeremy,Jeremy,True
622,Jeremy,Jeremy,True
623,Jeremy,Jeremy,True
624,Jeremy,Jeremy,True
625,Jerrick,Jeremy,False
626,Jeremy,Jeremy,True
627,Jeremy,Jeremy,True
628,Jeremy,Jeremy,True
629,Jeremy,Jeremy,True
630,Jeremy,Jeremy,True
631,Jerrick,Jeremy,False
632,Jeremy,Jeremy,True
633,Jeremy,Jeremy,True
634,Jeremy,Jeremy,True
635,Jeremy,Jeremy,True
636,Jeremy,Jeremy,True
637,Jeremy,Jeremy,True
638,Jeremy,Jeremy,True
639,Jeremy,Jeremy,True
640,Jeremy,Jeremy,True
641,Jeremy,Jeremy,True
642,Jeremy,Jeremy,True
643,Jeremy,Jeremy,True
644,Jeremy,Jeremy,True
645,Jeremy,Jeremy,True
646,Jeremy,Jeremy,True
647,Jeremy,Jeremy,True
648,Jeremy,Jeremy,True
649,Jeremy,Jeremy,True
650,Brad,Jeremy,False
651,Jeremy,Jeremy,True
652,Jeremy,Jeremy,True
653,Jeremy,Jeremy,True
654,Jeremy,Jeremy,True
655,Jeremy,Jeremy,True
656,Jerrick,Jeremy,False
657,Jeremy,Jeremy,True
658,Jeremy,Jeremy,True
659,Jeremy,Jeremy,True
660,Jeremy,Jeremy,True
661,Jeremy,Jeremy,True
662,Jeremy,Jeremy,True
663,Jeremy,Jeremy,True
664,Jeremy,Jeremy,True
665,Jeremy,Jeremy,True
666,Brad,Jeremy,False
667,Jeremy,Jeremy,True
668,Jeremy,Jeremy,True
669,Jeremy,Jeremy,True
670,Jeremy,Jeremy,True
671,Jeremy,Jeremy,True
672,Jeremy,Jeremy,True
673,Jeremy,Jeremy,True
674,Jeremy,Jeremy,True
675,Jeremy,Jeremy,True
676,Jeremy,Jeremy,True
677,Jeremy,Jeremy,True
678,Jeremy,Jeremy,True
679,Jeremy,Jeremy,True
680,Jeremy,Jeremy,True
681,Jeremy,Jeremy,True
682,Jerrick,Jeremy,False
683,Jerrick,Jeremy,False
684,Jeremy,Jeremy,True
685,Jeremy,Jeremy,True
686,Jeremy,Jeremy,True
687,Jeremy,Jeremy,True
688,Jeremy,Jeremy,True
689,Jeremy,Jeremy,True
690,Jeremy,Jeremy,True
691,Jeremy,Jeremy,True
692,Jeremy,Jeremy,True
693,Jeremy,Jeremy,True
694,Jeremy,Jeremy,True
695,Jeremy,Jeremy,True
696,Jeremy,Jeremy,True
697,Jeremy,Jeremy,True
698,Jeremy,Jeremy,True
699,Jeremy,Jeremy,True
700,Jeremy,Jeremy,True
701,Jeremy,Jeremy,True
702,Jeremy,Jeremy,True
703,Jeremy,Jeremy,True
704,Brad,Jeremy,False
705,Jeremy,Jeremy,True
706,Jeremy,Jeremy,True
707,Jeremy,Jeremy,True
708,Jeremy,Jeremy,True
709,Jeremy,Jeremy,True
710,Brad,Jeremy,False
711,Jeremy,Jeremy,True
712,Brad,Jeremy,False
713,Jeremy,Jeremy,True
714,Jeremy,Jeremy,True
715,Jeremy,Jeremy,True
716,Brad,Jeremy,False
717,Jeremy,Jeremy,True
718,Jeremy,Jeremy,True
719,Jeremy,Jeremy,True
720,Brad,Jeremy,False
721,Jeremy,Jeremy,True
722,Jeremy,Jeremy,True
723,Jeremy,Jeremy,True
724,Jeremy,Jeremy,True
725,Jeremy,Jeremy,True
726,Jeremy,Jeremy,True
727,Jeremy,Jeremy,True
728,Jeremy,Jeremy,True
729,Jeremy,Jeremy,True
730,Jeremy,Jeremy,True
731,Jeremy,Jeremy,True
732,Jeremy,Jeremy,True
733,Jeremy,Jeremy,True
734,Jeremy,Jeremy,True
735,Jerrick,Jeremy,False
736,Jeremy,Jeremy,True
737,Brad,Jeremy,False
738,Jeremy,Jeremy,True
739,Jerrick,Jeremy,False
740,Jeremy,Jeremy,True
741,Jeremy,Jeremy,True
742,Jeremy,Jeremy,True
743,Jerrick,Jeremy,False
744,Jeremy,Jeremy,True
745,Jerrick,Jeremy,False
746,Jeremy,Jeremy,True
747,Jeremy,Jeremy,True
748,Jeremy,Jeremy,True
749,Jeremy,Jeremy,True
750,Jeremy,Jeremy,True
751,Jeremy,Jeremy,True
752,Jeremy,Jeremy,True
753,Jeremy,Jeremy,True
754,Jeremy,Jeremy,True
755,Jeremy,Jeremy,True
756,Jeremy,Jeremy,True
757,Jeremy,Jeremy,True
758,Jeremy,Jeremy,True
759,Jeremy,Jeremy,True
760,Jeremy,Jeremy,True
761,Jeremy,Jeremy,True
762,Jeremy,Jeremy,True
763,Jeremy,Jeremy,True
764,Jeremy,Jeremy,True
765,Jeremy,Jeremy,True
766,Jeremy,Jeremy,True
767,Jeremy,Jeremy,True
768,Jeremy,Jeremy,True
769,Jerrick,Jeremy,False
770,Jeremy,Jeremy,True
771,Jeremy,Jeremy,True
772,Jeremy,Jeremy,True
773,Jeremy,Jeremy,True
774,Jeremy,Jeremy,True
775,Jerrick,Jeremy,False
776,Jeremy,Jeremy,True
777,Jerrick,Jeremy,False
778,Jeremy,Jeremy,True
779,Jeremy,Jeremy,True
780,Jeremy,Jeremy,True
781,Jeremy,Jeremy,True
782,Jerrick,Jeremy,False
783,Jeremy,Jeremy,True
784,Jeremy,Jeremy,True
785,Jeremy,Jeremy,True
786,Jeremy,Jeremy,True
787,Jeremy,Jeremy,True
788,Jeremy,Jeremy,True
789,Jerrick,Jeremy,False
790,Jeremy,Jeremy,True
791,Jerrick,Jeremy,False
792,Jeremy,Jeremy,True
793,Jerrick,Jeremy,False
794,Jeremy,Jeremy,True
795,Jeremy,Jeremy,True
796,Jeremy,Jeremy,True
797,Jerrick,Jeremy,False
798,Jerrick,Jeremy,False
799,Jerrick,Jeremy,False
800,Jeremy,Jeremy,True
801,Jeremy,Jeremy,True
802,Jeremy,Jeremy,True
803,Jeremy,Jeremy,True
804,Jeremy,Jeremy,True
805,Jeremy,Jeremy,True
806,Jeremy,Jeremy,True
807,Jeremy,Jeremy,True
808,Jeremy,Jeremy,True
809,Jeremy,Jeremy,True
810,Jeremy,Jeremy,True
811,Jerrick,Jeremy,False
812,Jeremy,Jeremy,True
813,Jeremy,Jeremy,True
814,Jeremy,Jeremy,True
815,Jeremy,Jeremy,True
816,Jeremy,Jeremy,True
817,Jeremy,Jeremy,True
818,Jeremy,Jeremy,True
819,Jeremy,Jeremy,True
820,Jeremy,Jeremy,True
821,Jeremy,Jeremy,True
822,Jeremy,Jeremy,True
823,Jeremy,Jeremy,True
824,Jeremy,Jeremy,True
825,Jeremy,Jeremy,True
826,Jeremy,Jeremy,True
827,Jeremy,Jeremy,True
828,Jeremy,Jeremy,True
829,Jeremy,Jeremy,True
830,Jeremy,Jeremy,True
831,Jeremy,Jeremy,True
832,Jeremy,Jeremy,True
833,Jeremy,Jeremy,True
834,Jerrick,Jeremy,False
835,Brad,Jeremy,False
836,Jeremy,Jeremy,True
837,Jerrick,Jeremy,False
838,Brad,Jeremy,False
839,Jerrick,Jeremy,False
840,Jerrick,Jeremy,False
841,Jeremy,Jeremy,True
842,Jerrick,Jeremy,False
843,Jerrick,Jeremy,False
844,Jerrick,Jeremy,False
845,Jerrick,Jeremy,False
846,Jerrick,Jeremy,False
847,Jeremy,Jeremy,True
848,Brad,Jeremy,False
849,Jeremy,Jeremy,True
850,Jeremy,Jeremy,True
851,Jeremy,Jeremy,True
852,Jeremy,Jeremy,True
853,Brad,Jeremy,False
854,Jeremy,Jeremy,True
855,Jeremy,Jeremy,True
856,Jeremy,Jeremy,True
857,Jeremy,Jeremy,True
858,Jeremy,Jeremy,True
859,Jeremy,Jeremy,True
860,Jeremy,Jeremy,True
861,Jeremy,Jeremy,True
862,Jeremy,Jeremy,True
863,Jeremy,Jeremy,True
864,Jeremy,Jeremy,True
865,Jeremy,Jeremy,True
866,Jeremy,Jeremy,True
867,Jeremy,Jeremy,True
868,Jeremy,Jeremy,True
869,Jeremy,Jeremy,True
870,Jeremy,Jeremy,True
871,Jeremy,Jeremy,True
872,Jeremy,Jeremy,True
873,Jeremy,Jeremy,True
874,Jeremy,Jeremy,True
875,Jeremy,Jeremy,True
876,Jeremy,Jeremy,True
877,Jeremy,Jeremy,True
878,Jeremy,Jeremy,True
879,Jeremy,Jeremy,True
880,Jeremy,Jeremy,True
881,Jeremy,Jeremy,True
882,Jeremy,Jeremy,True
883,Jeremy,Jeremy,True
884,Jerrick,Jeremy,False
885,Brad,Jeremy,False
886,Jeremy,Jeremy,True
887,Jeremy,Jeremy,True
888,Jeremy,Jeremy,True
889,Jeremy,Jeremy,True
890,Jeremy,Jeremy,True
891,Jeremy,Jeremy,True
892,Jeremy,Jeremy,True
893,Jerrick,Jeremy,False
894,Brad,Jeremy,False
895,Jeremy,Jeremy,True
896,Jeremy,Jeremy,True
897,Jeremy,Jeremy,True
898,Jeremy,Jeremy,True
899,Jeremy,Jeremy,True
900,Jeremy,Jeremy,True
901,Jeremy,Jeremy,True
902,Jeremy,Jeremy,True
903,Jeremy,Jeremy,True
904,Jeremy,Jeremy,True
905,Jeremy,Jeremy,True
906,Jeremy,Jeremy,True
907,Jeremy,Jeremy,True
908,Brad,Jeremy,False
909,Jerrick,Jeremy,False
910,Jeremy,Jeremy,True
911,Jeremy,Jeremy,True
912,Jeremy,Jeremy,True
913,Jeremy,Jeremy,True
914,Jeremy,Jeremy,True
915,Jeremy,Jeremy,True
916,Jeremy,Jeremy,True
917,Jeremy,Jeremy,True
918,Jeremy,Jeremy,True
919,Jeremy,Jeremy,True
920,Brad,Jeremy,False
921,Jeremy,Jeremy,True
922,Jeremy,Jeremy,True
923,Jeremy,Jeremy,True
924,Jeremy,Jeremy,True
925,Jeremy,Jeremy,True
926,Jeremy,Jeremy,True
927,Jeremy,Jeremy,True
928,Brad,Jeremy,False
929,Jeremy,Jeremy,True
930,Jeremy,Jeremy,True
931,Brad,Jeremy,False
932,Jeremy,Jeremy,True
933,Jeremy,Jeremy,True
934,Jeremy,Jeremy,True
935,Jeremy,Jeremy,True
936,Jeremy,Jeremy,True
937,Jeremy,Jeremy,True
938,Brad,Jeremy,False
939,Jeremy,Jeremy,True
940,Jeremy,Jeremy,True
941,Jeremy,Jeremy,True
942,Jeremy,Jeremy,True
943,Jeremy,Jeremy,True
944,Brad,Jeremy,False
945,Jeremy,Jeremy,True
946,Jeremy,Jeremy,True
947,Jeremy,Jeremy,True
948,Jeremy,Jeremy,True
949,Jeremy,Jeremy,True
950,Jeremy,Jeremy,True
951,Jeremy,Jeremy,True
952,Jeremy,Jeremy,True
953,Jeremy,Jeremy,True
954,Jeremy,Jeremy,True
955,Brad,Jeremy,False
956,Brad,Jeremy,False
957,Jeremy,Jeremy,True
958,Jeremy,Jeremy,True
959,Brad,Jeremy,False
960,Brad,Jeremy,False
961,Jeremy,Jeremy,True
962,Jeremy,Jeremy,True
963,Jeremy,Jeremy,True
964,Jeremy,Jeremy,True
965,Jeremy,Jeremy,True
966,Jeremy,Jeremy,True
967,Brad,Jeremy,False
968,Jeremy,Jeremy,True
969,Jerrick,Jeremy,False
970,Jeremy,Jeremy,True
971,Brad,Jeremy,False
972,Jeremy,Jeremy,True
973,Jeremy,Jeremy,True
974,Jeremy,Jeremy,True
975,Jeremy,Jeremy,True
976,Jeremy,Jeremy,True
977,Brad,Jeremy,False
978,Jeremy,Jeremy,True
979,Jerrick,Jeremy,False
980,Jeremy,Jeremy,True
981,Jerrick,Jeremy,False
982,Jeremy,Jeremy,True
983,Brad,Jeremy,False
984,Jeremy,Jeremy,True
985,Brad,Jeremy,False
986,Jeremy,Jeremy,True
987,Jeremy,Jeremy,True
988,Jeremy,Jeremy,True
989,Brad,Jeremy,False
990,Jeremy,Jeremy,True
991,Jerrick,Jeremy,False
992,Jeremy,Jeremy,True
993,Jeremy,Jeremy,True
994,Jeremy,Jeremy,True
995,Jeremy,Jeremy,True
996,Jeremy,Jeremy,True
997,Jeremy,Jeremy,True
998,Brad,Jeremy,False
999,Jeremy,Jeremy,True
1000,Jeremy,Jeremy,True
1001,Jeremy,Jeremy,True
1002,Jeremy,Jeremy,True
1003,Jeremy,Jeremy,True
1004,Jeremy,Jeremy,True
1005,Jeremy,Jeremy,True
1006,Jeremy,Jeremy,True
1007,Jeremy,Jeremy,True
1008,Jeremy,Jeremy,True
1009,Jerrick,Jeremy,False
1010,Jeremy,Jeremy,True
1011,Jerrick,Jeremy,False
1012,Jeremy,Jeremy,True
1013,Jerrick,Jeremy,False
1014,Brad,Jeremy,False
1015,Jeremy,Jerrick,False
1016,Jerrick,Jerrick,True
1017,Jerrick,Jerrick,True
1018,Jeremy,Jerrick,False
1019,Jeremy,Jerrick,False
1020,Jerrick,Jerrick,True
1021,Jerrick,Jerrick,True
1022,Jeremy,Jerrick,False
1023,Jerrick,Jerrick,True
1024,Jerrick,Jerrick,True
1025,Jerrick,Jerrick,True
1026,Jerrick,Jerrick,True
1027,Jerrick,Jerrick,True
1028,Brad,Jerrick,False
1029,Jerrick,Jerrick,True
1030,Jerrick,Jerrick,True
1031,Jerrick,Jerrick,True
1032,Jerrick,Jerrick,True
1033,Jerrick,Jerrick,True
1034,Jerrick,Jerrick,True
1035,Jerrick,Jerrick,True
1036,Jeremy,Jerrick,False
1037,Brad,Jerrick,False
1038,Jerrick,Jerrick,True
1039,Jerrick,Jerrick,True
1040,Jerrick,Jerrick,True
1041,Jeremy,Jerrick,False
1042,Jerrick,Jerrick,True
1043,Jerrick,Jerrick,True
1044,Jerrick,Jerrick,True
1045,Jerrick,Jerrick,True
1046,Jerrick,Jerrick,True
1047,Jerrick,Jerrick,True
1048,Jerrick,Jerrick,True
1049,Jerrick,Jerrick,True
1050,Jeremy,Jerrick,False
1051,Jerrick,Jerrick,True
1052,Jerrick,Jerrick,True
1053,Jerrick,Jerrick,True
1054,Jerrick,Jerrick,True
1055,Jerrick,Jerrick,True
1056,Jeremy,Jerrick,False
1057,Jerrick,Jerrick,True
1058,Jerrick,Jerrick,True
1059,Jerrick,Jerrick,True
1060,Jerrick,Jerrick,True
1061,Brad,Jerrick,False
1062,Brad,Jerrick,False
1063,Jerrick,Jerrick,True
1064,Jeremy,Jerrick,False
1065,Jerrick,Jerrick,True
1066,Jerrick,Jerrick,True
1067,Jerrick,Jerrick,True
1068,Jerrick,Jerrick,True
1069,Jerrick,Jerrick,True
1070,Jeremy,Jerrick,False
1071,Jerrick,Jerrick,True
1072,Jeremy,Jerrick,False
1073,Brad,Jerrick,False
1074,Jerrick,Jerrick,True
1075,Jerrick,Jerrick,True
1076,Jeremy,Jerrick,False
1077,Jerrick,Jerrick,True
1078,Jerrick,Jerrick,True
1079,Jerrick,Jerrick,True
1080,Jerrick,Jerrick,True
1081,Jerrick,Jerrick,True
1082,Jerrick,Jerrick,True
1083,Jerrick,Jerrick,True
1084,Jeremy,Jerrick,False
1085,Brad,Jerrick,False
1086,Jerrick,Jerrick,True
1087,Jerrick,Jerrick,True
1088,Jerrick,Jerrick,True
1089,Brad,Jerrick,False
1090,Jeremy,Jerrick,False
1091,Jerrick,Jerrick,True
1092,Brad,Jerrick,False
1093,Jerrick,Jerrick,True
1094,Jerrick,Jerrick,True
1095,Jerrick,Jerrick,True
1096,Jeremy,Jerrick,False
1097,Jerrick,Jerrick,True
1098,Jeremy,Jerrick,False
1099,Jerrick,Jerrick,True
1100,Jerrick,Jerrick,True
1101,Jerrick,Jerrick,True
1102,Jerrick,Jerrick,True
1103,Jeremy,Jerrick,False
1104,Jerrick,Jerrick,True
1105,Jerrick,Jerrick,True
1106,Jerrick,Jerrick,True
1107,Brad,Jerrick,False
1108,Jeremy,Jerrick,False
1109,Jerrick,Jerrick,True
1110,Jerrick,Jerrick,True
1111,Jerrick,Jerrick,True
1112,Jeremy,Jerrick,False
1113,Jerrick,Jerrick,True
1114,Jerrick,Jerrick,True
1115,Jerrick,Jerrick,True
1116,Jerrick,Jerrick,True
1117,Jerrick,Jerrick,True
1118,Jeremy,Jerrick,False
1119,Jeremy,Jerrick,False
1120,Jerrick,Jerrick,True
1121,Jerrick,Jerrick,True
1122,Jerrick,Jerrick,True
1123,Jeremy,Jerrick,False
1124,Jerrick,Jerrick,True
1125,Jeremy,Jerrick,False
1126,Jerrick,Jerrick,True
1127,Brad,Jerrick,False
1128,Jerrick,Jerrick,True
1129,Jerrick,Jerrick,True
1130,Jerrick,Jerrick,True
1131,Jerrick,Jerrick,True
1132,Jerrick,Jerrick,True
1133,Jerrick,Jerrick,True
1134,Jerrick,Jerrick,True
1135,Jerrick,Jerrick,True
1136,Jerrick,Jerrick,True
1137,Jerrick,Jerrick,True
1138,Jerrick,Jerrick,True
1139,Jerrick,Jerrick,True
1140,Jeremy,Jerrick,False
1141,Jerrick,Jerrick,True
1142,Brad,Jerrick,False
1143,Jeremy,Jerrick,False
1144,Brad,Jerrick,False
1145,Jerrick,Jerrick,True
1146,Jerrick,Jerrick,True
1147,Jerrick,Jerrick,True
1148,Jeremy,Jerrick,False
1149,Jerrick,Jerrick,True
1150,Jerrick,Jerrick,True
1151,Jerrick,Jerrick,True
1152,Jerrick,Jerrick,True
1153,Jeremy,Jerrick,False
1154,Jerrick,Jerrick,True
1155,Jerrick,Jerrick,True
1156,Jerrick,Jerrick,True
1157,Jerrick,Jerrick,True
1158,Jerrick,Jerrick,True
1159,Jerrick,Jerrick,True
1160,Jerrick,Jerrick,True
1161,Jerrick,Jerrick,True
1162,Jerrick,Jerrick,True
1163,Jerrick,Jerrick,True
1164,Jerrick,Jerrick,True
1165,Jerrick,Jerrick,True
1166,Jerrick,Jerrick,True
1167,Brad,Jerrick,False
1168,Jerrick,Jerrick,True
1169,Brad,Jerrick,False
1170,Jerrick,Jerrick,True
1171,Jerrick,Jerrick,True
1172,Jerrick,Jerrick,True
1173,Jerrick,Jerrick,True
1174,Jerrick,Jerrick,True
1175,Jerrick,Jerrick,True
1176,Jerrick,Jerrick,True
1177,Jerrick,Jerrick,True
1178,Brad,Jerrick,False
1179,Jerrick,Jerrick,True
1180,Jerrick,Jerrick,True
1181,Jeremy,Jerrick,False
1182,Jerrick,Jerrick,True
1183,Jerrick,Jerrick,True
1184,Jerrick,Jerrick,True
1185,Jeremy,Jerrick,False
1186,Jerrick,Jerrick,True
1187,Jeremy,Jerrick,False
1188,Jerrick,Jerrick,True
1189,Brad,Jerrick,False
1190,Jerrick,Jerrick,True
1191,Jerrick,Jerrick,True
1192,Jerrick,Jerrick,True
1193,Jerrick,Jerrick,True
1194,Jerrick,Jerrick,True
1195,Jeremy,Jerrick,False
1196,Jerrick,Jerrick,True
1197,Jerrick,Jerrick,True
1198,Jerrick,Jerrick,True
1199,Jeremy,Jerrick,False
1200,Jerrick,Jerrick,True
1201,Jerrick,Jerrick,True
1202,Jerrick,Jerrick,True
1203,Jeremy,Jerrick,False
1204,Jerrick,Jerrick,True
1205,Jerrick,Jerrick,True
1206,Jerrick,Jerrick,True
1207,Jerrick,Jerrick,True
1208,Jerrick,Jerrick,True
1209,Jerrick,Jerrick,True
1210,Jerrick,Jerrick,True
1211,Jerrick,Jerrick,True
1212,Brad,Jerrick,False
1213,Jerrick,Jerrick,True
1214,Jerrick,Jerrick,True
1215,Jerrick,Jerrick,True
1216,Brad,Jerrick,False
1217,Jerrick,Jerrick,True
1218,Jeremy,Jerrick,False
1219,Jerrick,Jerrick,True
1220,Jerrick,Jerrick,True
1221,Jerrick,Jerrick,True
1222,Jerrick,Jerrick,True
1223,Jeremy,Jerrick,False
1224,Jerrick,Jerrick,True
1225,Jerrick,Jerrick,True
1226,Jerrick,Jerrick,True
1227,Jerrick,Jerrick,True
1228,Brad,Jerrick,False
1229,Jerrick,Jerrick,True
1230,Jerrick,Jerrick,True
1231,Jerrick,Jerrick,True
1232,Jerrick,Jerrick,True
1233,Jeremy,Jerrick,False
1234,Jerrick,Jerrick,True
1235,Jerrick,Jerrick,True
1236,Jerrick,Jerrick,True
1237,Jerrick,Jerrick,True
1238,Jerrick,Jerrick,True
1239,Jerrick,Jerrick,True
1240,Jerrick,Jerrick,True
1241,Jerrick,Jerrick,True
1242,Jerrick,Jerrick,True
1243,Jerrick,Jerrick,True
1244,Jeremy,Jerrick,False
1245,Jerrick,Jerrick,True
1246,Brad,Jerrick,False
1247,Jerrick,Jerrick,True
1248,Jeremy,Jerrick,False
1249,Brad,Jerrick,False
1250,Jeremy,Jerrick,False
1251,Jerrick,Jerrick,True
1252,Jerrick,Jerrick,True
1253,Jerrick,Jerrick,True
1254,Jeremy,Jerrick,False
1255,Jerrick,Jerrick,True
1256,Jerrick,Jerrick,True
1257,Jerrick,Jerrick,True
1258,Jerrick,Jerrick,True
1259,Jerrick,Jerrick,True
1260,Brad,Jerrick,False
1261,Brad,Jerrick,False
1262,Jeremy,Jerrick,False
1263,Jerrick,Jerrick,True
1264,Jeremy,Jerrick,False
1265,Jeremy,Jerrick,False
1266,Jerrick,Jerrick,True
1267,Jerrick,Jerrick,True
1268,Brad,Jerrick,False
1269,Jerrick,Jerrick,True
1270,Jeremy,Jerrick,False
1271,Jerrick,Jerrick,True
1272,Jerrick,Jerrick,True
1273,Jerrick,Jerrick,True
1274,Jeremy,Jerrick,False
1275,Jerrick,Jerrick,True
1276,Jerrick,Jerrick,True
1277,Jerrick,Jerrick,True
1278,Jeremy,Jerrick,False
1279,Jerrick,Jerrick,True
1280,Jeremy,Jerrick,False
1281,Jerrick,Jerrick,True
1282,Jerrick,Jerrick,True
1283,Jerrick,Jerrick,True
1284,Jerrick,Jerrick,True
1285,Jerrick,Jerrick,True
1286,Jerrick,Jerrick,True
1287,Jerrick,Jerrick,True
1288,Jerrick,Jerrick,True
1289,Brad,Jerrick,False
1290,Jerrick,Jerrick,True
1291,Jeremy,Jerrick,False
1292,Jerrick,Jerrick,True
1293,Jerrick,Jerrick,True
1294,Brad,Jerrick,False
1295,Jerrick,Jerrick,True
1296,Jerrick,Jerrick,True
1297,Jerrick,Jerrick,True
1298,Jerrick,Jerrick,True
1299,Jerrick,Jerrick,True
1300,Jerrick,Jerrick,True
1301,Jerrick,Jerrick,True
1302,Jerrick,Jerrick,True
1303,Jerrick,Jerrick,True
1304,Jerrick,Jerrick,True
1305,Jerrick,Jerrick,True
